{
    "Modules": {
        "...MASTER...": {
            "start_perf": [
                0.59415292739868164,
                0.15550800000000001,
                0.075178999999999996,
                260228,
                272240,
                1637266824.0741999
            ],
            "end_perf": [
                0.61836504936218262,
                0.15659000000000001,
                0.078806000000000001,
                262300,
                272240
            ],
            "nQuads": 0,
            "nMops": 0
        },
        "std": {
            "start_perf": [
                0.61851096153259277,
                0.15668699999999999,
                0.078854999999999995,
                262300,
                272240,
                1637266824.0985579
            ],
            "Compiled Times": 15,
            "Compiled": "Yes",
            "end_perf": [
                0.6357269287109375,
                0.15897600000000001,
                0.081526000000000001,
                263740,
                272240
            ],
            "nQuads": 218,
            "nMops": 528
        },
        "ripple_carry_4_bit": {
            "start_perf": [
                0.68132710456848145,
                0.19767499999999999,
                0.086532999999999999,
                265068,
                272240,
                1637266824.1613741
            ],
            "Compiled Times": 7,
            "Compiled": "Yes",
            "end_perf": [
                0.68177199363708496,
                0.19811799999999999,
                0.086532999999999999,
                266092,
                272240
            ],
            "nQuads": 0,
            "nMops": 0
        },
        "half_adder": {
            "start_perf": [
                0.63577389717102051,
                0.15900700000000001,
                0.081542000000000003,
                263740,
                272240,
                1637266824.1158209
            ],
            "Compiled Times": 7,
            "Compiled": "Yes",
            "end_perf": [
                0.63886404037475586,
                0.16020200000000001,
                0.081630999999999995,
                264764,
                272240
            ],
            "nQuads": 30,
            "nMops": 100
        },
        "dadda_16x16_uncompressed_tb": {
            "start_perf": [
                0.63890695571899414,
                0.16023100000000001,
                0.081645999999999996,
                264764,
                272240,
                1637266824.1189539
            ],
            "Compiled Times": 7,
            "Compiled": "Yes",
            "end_perf": [
                0.68008804321289062,
                0.19644900000000001,
                0.086518999999999999,
                265068,
                272240
            ],
            "nQuads": 7568,
            "nMops": 20687
        },
        "full_adder": {
            "start_perf": [
                0.68013405799865723,
                0.19648099999999999,
                0.086532999999999999,
                265068,
                272240,
                1637266824.160181
            ],
            "Compiled Times": 13,
            "Compiled": "Yes",
            "end_perf": [
                0.68128609657287598,
                0.197633,
                0.086532999999999999,
                265068,
                272240
            ],
            "nQuads": 87,
            "nMops": 300
        },
        "full_adder2": {
            "start_perf": [
                0.68180990219116211,
                0.198157,
                0.086532999999999999,
                266092,
                272240,
                1637266824.1618569
            ],
            "Compiled Times": 13,
            "Compiled": "Yes",
            "end_perf": [
                0.6831519603729248,
                0.19949900000000001,
                0.086532999999999999,
                265068,
                272240
            ],
            "nQuads": 110,
            "nMops": 307
        }
    },
    "CompUnits": {},
    "reusePaths": {
        "amcQw_d": {
            "icPath": "csrc"
        },
        "BEdzp_d": {
            "icPath": "csrc"
        },
        "reYIK_d": {
            "icPath": "csrc"
        },
        "ArxBC_d": {
            "icPath": "csrc"
        },
        "EEKNR_d": {
            "icPath": "csrc"
        },
        "S1Wtd_d": {
            "icPath": "csrc"
        },
        "pmI1A_d": {
            "icPath": "csrc"
        }
    },
    "ObjArchives": [
        {
            "archive": "archive.17/_36096_archive_1.a",
            "objects": [
                [
                    "amcQwB.o",
                    100905
                ]
            ],
            "size": 100905
        }
    ],
    "stat": {
        "ru_self_end": {
            "ru_nivcsw": 17,
            "ru_stime_sec": 0.090066999999999994,
            "ru_utime_sec": 0.202399,
            "ru_maxrss_kb": 76440,
            "ru_minflt": 27204,
            "ru_majflt": 0,
            "ru_nvcsw": 837
        },
        "ru_childs_end": {
            "ru_nivcsw": 18,
            "ru_stime_sec": 0.014583,
            "ru_utime_sec": 0.0093159999999999996,
            "ru_maxrss_kb": 23848,
            "ru_minflt": 4999,
            "ru_majflt": 0,
            "ru_nvcsw": 44
        },
        "peak_mem_kb": 272240
    }
}