{
    "reusePaths": {
        "amcQw_d": {
            "icPath": "csrc"
        },
        "pmI1A_d": {
            "icPath": "csrc"
        },
        "reYIK_d": {
            "icPath": "csrc"
        },
        "BEdzp_d": {
            "icPath": "csrc"
        }
    },
    "CompUnits": {
        "atSgW_d": {
            "checksum": 0,
            "mod": "dadda_8x8_uncompressed_tb",
            "out": "atSgW_d.o",
            "bytes": 108377,
            "mode": 4,
            "archive": "archive.10/_17425_archive_1.a"
        }
    },
    "Modules": {
        "...MASTER...": {
            "start_perf": [
                0.43855905532836914,
                0.089509000000000005,
                0.063062999999999994,
                258888,
                270832,
                1637122742.205729
            ],
            "end_perf": [
                0.45731306076049805,
                0.090977000000000002,
                0.065130999999999994,
                261344,
                270832
            ],
            "nQuads": 0,
            "nMops": 0
        },
        "std": {
            "start_perf": [
                0.45741605758666992,
                0.091037999999999994,
                0.065174999999999997,
                261344,
                270832,
                1637122742.224586
            ],
            "end_perf": [
                0.47358107566833496,
                0.092683000000000001,
                0.067968000000000001,
                262400,
                270832
            ],
            "Compiled": "Yes",
            "Compiled Times": 8,
            "nQuads": 218,
            "nMops": 528
        },
        "dadda_8x8_uncompressed_tb": {
            "start_perf": [
                0.47362399101257324,
                0.092709,
                0.067986000000000005,
                262400,
                270832,
                1637122742.2407939
            ],
            "end_perf": [
                0.53611207008361816,
                0.137739,
                0.071908,
                268416,
                279684
            ],
            "Compiled": "Yes",
            "Compiled Times": 5,
            "nQuads": 5189,
            "nMops": 15499
        },
        "full_adder": {
            "start_perf": [
                0.53616094589233398,
                0.13777200000000001,
                0.071925000000000003,
                268416,
                279684,
                1637122742.3033309
            ],
            "end_perf": [
                0.53832507133483887,
                0.138934,
                0.072001999999999997,
                268416,
                279684
            ],
            "Compiled": "Yes",
            "Compiled Times": 6,
            "nQuads": 87,
            "nMops": 300
        },
        "full_adder2": {
            "start_perf": [
                0.53836703300476074,
                0.138962,
                0.072016999999999998,
                268416,
                279684,
                1637122742.305537
            ],
            "end_perf": [
                0.5397181510925293,
                0.14019899999999999,
                0.072131000000000001,
                266364,
                279684
            ],
            "Compiled": "Yes",
            "Compiled Times": 6,
            "nQuads": 110,
            "nMops": 307
        }
    },
    "stat": {
        "ru_self_end": {
            "ru_nivcsw": 3,
            "ru_utime_sec": 0.144068,
            "ru_stime_sec": 0.074092000000000005,
            "ru_majflt": 0,
            "ru_maxrss_kb": 75780,
            "ru_minflt": 26448,
            "ru_nvcsw": 818
        },
        "peak_mem_kb": 279684,
        "ru_childs_end": {
            "ru_nivcsw": 18,
            "ru_utime_sec": 0.0062059999999999997,
            "ru_stime_sec": 0.019545,
            "ru_majflt": 0,
            "ru_maxrss_kb": 22496,
            "ru_minflt": 4999,
            "ru_nvcsw": 44
        }
    },
    "ObjArchives": [
        {
            "archive": "archive.10/_17425_archive_1.a",
            "objects": [
                [
                    "atSgW_d.o",
                    108377
                ],
                [
                    "amcQwB.o",
                    101057
                ]
            ],
            "size": 209434
        }
    ]
}