{
    "Modules": {
        "...MASTER...": {
            "nMops": 0,
            "nQuads": 0,
            "start_perf": [
                0.50053000450134277,
                0.052748000000000003,
                0.055912999999999997,
                255856,
                269752,
                1637090874.1190619
            ],
            "end_perf": [
                0.57562708854675293,
                0.052748000000000003,
                0.060850000000000001,
                258376,
                269752
            ]
        },
        "timeunit": {
            "nMops": 11,
            "nQuads": 15,
            "Compiled Times": 3,
            "start_perf": [
                0.57574701309204102,
                0.052748000000000003,
                0.060970000000000003,
                258376,
                269752,
                1637090874.194279
            ],
            "Compiled": "Yes",
            "end_perf": [
                0.62962102890014648,
                0.053705000000000003,
                0.063001000000000001,
                260492,
                269752
            ]
        },
        "half_adder_test": {
            "nMops": 247,
            "nQuads": 107,
            "Compiled Times": 2,
            "start_perf": [
                0.62966299057006836,
                0.053725000000000002,
                0.063023999999999997,
                260492,
                269752,
                1637090874.2481949
            ],
            "Compiled": "Yes",
            "end_perf": [
                0.63126301765441895,
                0.054543000000000001,
                0.063805000000000001,
                260940,
                269752
            ]
        }
    },
    "CompUnits": {},
    "reusePaths": {
        "amcQw_d": {
            "icPath": "csrc"
        },
        "xQL2a_d": {
            "icPath": "csrc"
        },
        "H0Y6L_d": {
            "icPath": "csrc"
        }
    },
    "ObjArchives": [
        {
            "archive": "archive.2/_39073_archive_1.a",
            "objects": [
                [
                    "amcQwB.o",
                    99124
                ]
            ],
            "size": 99124
        }
    ],
    "stat": {
        "ru_self_end": {
            "ru_maxrss_kb": 67676,
            "ru_stime_sec": 0.066066,
            "ru_utime_sec": 0.057807999999999998,
            "ru_nivcsw": 3,
            "ru_minflt": 23587,
            "ru_majflt": 0,
            "ru_nvcsw": 536
        },
        "ru_childs_end": {
            "ru_maxrss_kb": 19884,
            "ru_stime_sec": 0.016247999999999999,
            "ru_utime_sec": 0.0060949999999999997,
            "ru_nivcsw": 18,
            "ru_minflt": 4968,
            "ru_majflt": 0,
            "ru_nvcsw": 29
        },
        "peak_mem_kb": 269752
    }
}