{
    "stat": {
        "ru_self_end": {
            "ru_nvcsw": 713,
            "ru_minflt": 26010,
            "ru_utime_sec": 0.12696499999999999,
            "ru_majflt": 0,
            "ru_stime_sec": 0.056076000000000001,
            "ru_maxrss_kb": 74536,
            "ru_nivcsw": 6
        },
        "ru_childs_end": {
            "ru_nvcsw": 44,
            "ru_minflt": 4999,
            "ru_utime_sec": 0.0067559999999999999,
            "ru_majflt": 0,
            "ru_stime_sec": 0.019129,
            "ru_maxrss_kb": 22492,
            "ru_nivcsw": 18
        },
        "peak_mem_kb": 270832
    },
    "Modules": {
        "dadda_8x8_uncompressed_tb": {
            "start_perf": [
                0.6002659797668457,
                0.10823000000000001,
                0.049292000000000002,
                262400,
                270832,
                1637218527.532356
            ],
            "Compiled": "Yes",
            "Compiled Times": 6,
            "end_perf": [
                0.61855697631835938,
                0.122862,
                0.050213000000000001,
                263692,
                270832
            ],
            "nQuads": 2721,
            "nMops": 8459
        },
        "...MASTER...": {
            "start_perf": [
                0.5482630729675293,
                0.10015,
                0.046385000000000003,
                258888,
                270832,
                1637218527.4803531
            ],
            "end_perf": [
                0.57543706893920898,
                0.103119,
                0.048336999999999998,
                261344,
                270832
            ],
            "nQuads": 0,
            "nMops": 0
        },
        "full_adder2": {
            "start_perf": [
                0.62057900428771973,
                0.12403400000000001,
                0.050255000000000001,
                263424,
                270832,
                1637218527.552669
            ],
            "Compiled": "Yes",
            "Compiled Times": 7,
            "end_perf": [
                0.6219029426574707,
                0.12528500000000001,
                0.050327999999999998,
                263488,
                270832
            ],
            "nQuads": 110,
            "nMops": 307
        },
        "full_adder": {
            "start_perf": [
                0.61859893798828125,
                0.122891,
                0.050224999999999999,
                263692,
                270832,
                1637218527.550689
            ],
            "Compiled": "Yes",
            "Compiled Times": 7,
            "end_perf": [
                0.62053990364074707,
                0.12400600000000001,
                0.050243000000000003,
                263424,
                270832
            ],
            "nQuads": 87,
            "nMops": 300
        },
        "std": {
            "start_perf": [
                0.57556295394897461,
                0.10320500000000001,
                0.048377000000000003,
                261344,
                270832,
                1637218527.507653
            ],
            "Compiled": "Yes",
            "Compiled Times": 9,
            "end_perf": [
                0.60022401809692383,
                0.10820100000000001,
                0.049279000000000003,
                262400,
                270832
            ],
            "nQuads": 218,
            "nMops": 528
        }
    },
    "CompUnits": {},
    "reusePaths": {
        "reYIK_d": {
            "icPath": "csrc"
        },
        "amcQw_d": {
            "icPath": "csrc"
        },
        "atSgW_d": {
            "icPath": "csrc"
        },
        "BEdzp_d": {
            "icPath": "csrc"
        },
        "pmI1A_d": {
            "icPath": "csrc"
        }
    },
    "ObjArchives": [
        {
            "archive": "archive.11/_20614_archive_1.a",
            "objects": [
                [
                    "amcQwB.o",
                    100977
                ]
            ],
            "size": 100977
        }
    ]
}