{
    "ObjArchives": [
        {
            "objects": [
                [
                    "amcQwB.o",
                    99228
                ]
            ],
            "archive": "archive.3/_46888_archive_1.a",
            "size": 99228
        }
    ],
    "reusePaths": {
        "H0Y6L_d": {
            "icPath": "csrc"
        },
        "amcQw_d": {
            "icPath": "csrc"
        },
        "WRTUj_d": {
            "icPath": "csrc"
        }
    },
    "Modules": {
        "...MASTER...": {
            "start_perf": [
                2.2905540466308594,
                0.044893000000000002,
                0.064533999999999994,
                255904,
                269800,
                1637094593.0635741
            ],
            "end_perf": [
                2.3158669471740723,
                0.046275999999999998,
                0.067486000000000004,
                258440,
                269800
            ],
            "nQuads": 0,
            "nMops": 0
        },
        "timeunit": {
            "Compiled": "Yes",
            "start_perf": [
                2.31597900390625,
                0.046322000000000002,
                0.067553000000000002,
                258440,
                269800,
                1637094593.088999
            ],
            "nMops": 11,
            "Compiled Times": 4,
            "end_perf": [
                2.3289659023284912,
                0.047695000000000001,
                0.068681000000000006,
                260552,
                269800
            ],
            "nQuads": 15
        },
        "full_adder_test": {
            "Compiled": "Yes",
            "start_perf": [
                2.3290119171142578,
                0.047713999999999999,
                0.068708000000000005,
                260552,
                269800,
                1637094593.1020319
            ],
            "nMops": 457,
            "Compiled Times": 4,
            "end_perf": [
                2.3310999870300293,
                0.048742000000000001,
                0.069767999999999997,
                260968,
                269800
            ],
            "nQuads": 164
        }
    },
    "stat": {
        "ru_childs_end": {
            "ru_stime_sec": 0.01975,
            "ru_utime_sec": 0.0070990000000000003,
            "ru_nivcsw": 19,
            "ru_maxrss_kb": 19996,
            "ru_nvcsw": 58,
            "ru_minflt": 5076,
            "ru_majflt": 0
        },
        "ru_self_end": {
            "ru_stime_sec": 0.072993000000000002,
            "ru_utime_sec": 0.052554999999999998,
            "ru_nivcsw": 2,
            "ru_maxrss_kb": 67904,
            "ru_nvcsw": 656,
            "ru_minflt": 23724,
            "ru_majflt": 0
        },
        "peak_mem_kb": 269800
    },
    "CompUnits": {}
}