{
    "CompUnits": {
        "amcQw_d": {
            "mod": "...MASTER...",
            "out": "objs/amcQw_d.o",
            "bytes": 7916,
            "mode": 4,
            "checksum": 0
        },
        "Gidut_d": {
            "mod": "dadda_8x8_compressed_tb",
            "out": "Gidut_d.o",
            "bytes": 38852,
            "mode": 4,
            "checksum": 0,
            "archive": "archive.20/_27372_archive_1.a"
        }
    },
    "Modules": {
        "ripple_carry_4_bit": {
            "start_perf": [
                0.48128795623779297,
                0.112904,
                0.070317000000000005,
                269820,
                270892,
                1637124723.2906229
            ],
            "Compiled": "Yes",
            "nQuads": 0,
            "Compiled Times": 21,
            "end_perf": [
                0.48172593116760254,
                0.113173,
                0.070485000000000006,
                269820,
                270892
            ],
            "nMops": 0
        },
        "...MASTER...": {
            "start_perf": [
                0.41533112525939941,
                0.100244,
                0.059950000000000003,
                259132,
                270892,
                1637124723.2246661
            ],
            "end_perf": [
                0.44920706748962402,
                0.103259,
                0.064159999999999995,
                262564,
                270892
            ],
            "nQuads": 0,
            "nMops": 0
        },
        "std": {
            "start_perf": [
                0.44933605194091797,
                0.103339,
                0.064210000000000003,
                262564,
                270892,
                1637124723.258671
            ],
            "Compiled": "Yes",
            "nQuads": 218,
            "Compiled Times": 21,
            "end_perf": [
                0.4689791202545166,
                0.104807,
                0.068224000000000007,
                263612,
                270892
            ],
            "nMops": 528
        },
        "rca_16b": {
            "start_perf": [
                0.46902298927307129,
                0.104834,
                0.068240999999999996,
                263612,
                270892,
                1637124723.278358
            ],
            "Compiled": "Yes",
            "nQuads": 0,
            "Compiled Times": 21,
            "end_perf": [
                0.47193288803100586,
                0.104834,
                0.069029999999999994,
                264636,
                270892
            ],
            "nMops": 0
        },
        "compressor_4_2": {
            "start_perf": [
                0.49152493476867676,
                0.122958,
                0.070499000000000006,
                269820,
                270892,
                1637124723.3008599
            ],
            "Compiled": "Yes",
            "nQuads": 224,
            "Compiled Times": 21,
            "end_perf": [
                0.49345111846923828,
                0.124884,
                0.070499000000000006,
                269820,
                270892
            ],
            "nMops": 644
        },
        "full_adder": {
            "start_perf": [
                0.48176312446594238,
                0.113196,
                0.070499000000000006,
                269820,
                270892,
                1637124723.2910981
            ],
            "Compiled": "Yes",
            "nQuads": 113,
            "Compiled Times": 21,
            "end_perf": [
                0.4831080436706543,
                0.114541,
                0.070499000000000006,
                269820,
                270892
            ],
            "nMops": 325
        },
        "rca_14b": {
            "start_perf": [
                0.4719700813293457,
                0.104834,
                0.069068000000000004,
                264636,
                270892,
                1637124723.2813051
            ],
            "Compiled": "Yes",
            "nQuads": 1671,
            "Compiled Times": 2,
            "end_perf": [
                0.4812469482421875,
                0.11287800000000001,
                0.070301000000000002,
                269820,
                270892
            ],
            "nMops": 4885
        },
        "product_8x8": {
            "start_perf": [
                0.48315000534057617,
                0.114583,
                0.070499000000000006,
                269820,
                270892,
                1637124723.292485
            ],
            "Compiled": "Yes",
            "nQuads": 1778,
            "Compiled Times": 2,
            "end_perf": [
                0.49148392677307129,
                0.122917,
                0.070499000000000006,
                269820,
                270892
            ],
            "nMops": 4675
        },
        "compressor_4_2_ld": {
            "start_perf": [
                0.49349093437194824,
                0.12492499999999999,
                0.070499000000000006,
                269820,
                270892,
                1637124723.3028259
            ],
            "Compiled": "Yes",
            "nQuads": 267,
            "Compiled Times": 21,
            "end_perf": [
                0.49576807022094727,
                0.127164,
                0.070536000000000001,
                269820,
                270892
            ],
            "nMops": 790
        },
        "dadda_8x8_compressed_tb": {
            "start_perf": [
                0.49581098556518555,
                0.127192,
                0.070552000000000004,
                269820,
                270892,
                1637124723.305146
            ],
            "Compiled": "Yes",
            "nQuads": 478,
            "Compiled Times": 18,
            "end_perf": [
                0.51374006271362305,
                0.13801099999999999,
                0.071006,
                268756,
                279000
            ],
            "nMops": 1403
        }
    },
    "ObjArchives": [
        {
            "archive": "archive.20/_27372_archive_1.a",
            "objects": [
                [
                    "Gidut_d.o",
                    38852
                ],
                [
                    "amcQwB.o",
                    101575
                ]
            ],
            "size": 140427
        }
    ],
    "reusePaths": {
        "NRztg_d": {
            "icPath": "csrc"
        },
        "ntfQz_d": {
            "icPath": "csrc"
        },
        "reYIK_d": {
            "icPath": "csrc"
        },
        "S2T0m_d": {
            "icPath": "csrc"
        },
        "UY6pt_d": {
            "icPath": "csrc"
        },
        "S1Wtd_d": {
            "icPath": "csrc"
        },
        "aKNmW_d": {
            "icPath": "csrc"
        },
        "BEdzp_d": {
            "icPath": "csrc"
        }
    },
    "stat": {
        "ru_self_end": {
            "ru_utime_sec": 0.140572,
            "ru_majflt": 0,
            "ru_maxrss_kb": 76908,
            "ru_stime_sec": 0.076226000000000002,
            "ru_minflt": 26616,
            "ru_nvcsw": 660,
            "ru_nivcsw": 3
        },
        "ru_childs_end": {
            "ru_utime_sec": 0.0077999999999999996,
            "ru_majflt": 0,
            "ru_maxrss_kb": 22764,
            "ru_stime_sec": 0.017818000000000001,
            "ru_minflt": 4983,
            "ru_nvcsw": 44,
            "ru_nivcsw": 18
        },
        "peak_mem_kb": 279000
    }
}